{"type":"Design","zone":null,"children":[{"type":"Page","properties":{"id":"page1"},"children":[{"type":"Header","zone":"top"},{"type":"Content","zone":"content","children":[{"type":"Div","children":[{"type":"Collapsible","children":[{"type":"List","children":[{"type":"ListButton","properties":{"id":"btnSaltar","text":"Saltar a","target":"#page2"}}]}]}]}]},{"type":"Footer","zone":"bottom","children":[{"type":"ToggleSwitch","properties":{"theme":"e","track_theme":"b"}}]}]},{"type":"Page","properties":{"id":"page2"},"children":[{"type":"Header","zone":"top"},{"type":"Content","zone":"content","children":[{"type":"Div","children":[{"type":"TextInput","properties":{"id":"txtnom","label":"Introduce nom"}},{"type":"Image","properties":{"src":"images/IYNCA7CDJQZCA7H35EBCAFM6LY5CA6ZJIDOCA7QXRX8CAFK1YCVCABWSFGFCAW52UILCAW3A12FCAPRXAD7CAQDQ9IWCA1QRRETCA96S918CA0PH8S7CAF33T1ACA7IWW2UCAHFOG0VCALDSC8Z.jpg"}},{"type":"Button","properties":{"id":"btnIra","text":"Ir a","target":"#page3","theme":"b"}}]}]},{"type":"Footer","zone":"bottom"}]},{"type":"Page","properties":{"id":"page3"},"children":[{"type":"Header","zone":"top"},{"type":"Content","zone":"content","children":[{"type":"Div","children":[{"type":"Image","properties":{"src":"images/Resident Evil Retribution 1280 1021 10.jpg","width":200,"height":200,"alt":"logo de ryc"}}]}]},{"type":"Footer","zone":"bottom","children":[{"type":"List","children":[{"type":"ListDivider","properties":{"text":"Botón Regresar"}},{"type":"ListButton","properties":{"text":"Regreso","target":"#page1"}}]}]}]}],"pInfo":{"name":"rapido_y_curioso","accessDate":1401943053200,"device":{"name":"Phones","screenWidth":320,"screenHeight":480,"rotating":false},"theme":"Default"}}